{
  "agreements": [
    {
      "id": "1",
      "regNumber": "AB647B",
      "name": "Wade Warren",
      "telephone": "(503) 555-0105",
      "business": "Warren Motors",
      "date": "August 2, 2023",
      "status": "Available",
      "contractInfo": {
        "customerName": "Wade Warren",
        "customerNumber": "CUS001",
        "email": "wade.warren@example.com",
        "telephone": "04156006573",
        "address": "2464 Royal Ln. Mesa, New Jersey 45463",
        "lastPurchase": "July 15, 2023",
        "customerType": "Business",
        "agreementNumber": "AGR001",
        "status": "Active",
        "warranty": "Extended",
        "numberOfOrders": "5",
        "warrantyPeriod": "24 months"
      },
      "vehicleInfo": {
        "registrationNumber": "AB647B",
        "contractId": "CTR001",
        "model": "Toyota Camry 2022",
        "contractValue": "$35,000",
        "agreement": "Purchase Agreement",
        "status": "Active",
        "taxType": "VAT",
        "warranty": "Factory Warranty",
        "mileage": "15,000 km",
        "numberOfKeys": "2",
        "price": "$32,000",
        "tires": "All Season",
        "brand": "-",
        "year": "-",
        "color": "-",
        "chassisNumber": "-",
        "vehicleCategory": "-",
        "numberOfPassengers": "-",
        "gearbox": "-",
        "fuelType": "-",
        "vatType": "-",
        "totalWeight": "-",
        "insuranceType": "-",
        "warrantyProduct": "-"
      }
    },
    {
      "id": "2",
      "regNumber": "AB657B",
      "name": "Jenny Wilson",
      "telephone": "(502) 555-0107",
      "business": "Wilson Automotive",
      "date": "April 25, 2023",
      "status": "Sold Out",
      "contractInfo": {
        "customerName": "Jenny Wilson",
        "customerNumber": "CUS002",
        "email": "jenny.wilson@example.com",
        "telephone": "04156006574",
        "address": "3517 W. Gray St. Utica, Pennsylvania 57867",
        "lastPurchase": "March 10, 2023",
        "customerType": "Business",
        "agreementNumber": "AGR002",
        "status": "Active",
        "warranty": "Basic",
        "numberOfOrders": "3",
        "warrantyPeriod": "12 months"
      },
      "vehicleInfo": {
        "registrationNumber": "AB657B",
        "contractId": "CTR002",
        "model": "Honda Accord 2023",
        "contractValue": "$38,000",
        "agreement": "Sales Agreement",
        "status": "Active",
        "taxType": "VAT",
        "warranty": "Extended Warranty",
        "mileage": "5,000 km",
        "numberOfKeys": "3",
        "price": "$36,000",
        "tires": "Summer",
        "brand": "-",
        "year": "-",
        "color": "-",
        "chassisNumber": "-",
        "vehicleCategory": "-",
        "numberOfPassengers": "-",
        "gearbox": "-",
        "fuelType": "-",
        "vatType": "-",
        "totalWeight": "-",
        "insuranceType": "-",
        "warrantyProduct": "-"
      }
    },
    {
      "id": "3",
      "regNumber": "AB667B",
      "name": "Robert Fox",
      "telephone": "(503) 555-0108",
      "business": "Fox Dealership",
      "date": "June 15, 2023",
      "status": "Available",
      "contractInfo": {
        "customerName": "Robert Fox",
        "customerNumber": "CUS003",
        "email": "robert.fox@example.com",
        "telephone": "04156006575",
        "address": "8502 Preston Rd. Inglewood, Maine 98380",
        "lastPurchase": "May 20, 2023",
        "customerType": "Individual",
        "agreementNumber": "AGR003",
        "status": "Active",
        "warranty": "Premium",
        "numberOfOrders": "1",
        "warrantyPeriod": "36 months"
      },
      "vehicleInfo": {
        "registrationNumber": "AB667B",
        "contractId": "CTR003",
        "model": "Tesla Model 3 2023",
        "contractValue": "$45,000",
        "agreement": "Lease Agreement",
        "status": "Active",
        "taxType": "VAT",
        "warranty": "Premium Warranty",
        "mileage": "1,000 km",
        "numberOfKeys": "2",
        "price": "$43,000",
        "tires": "All Season",
        "brand": "-",
        "year": "-",
        "color": "-",
        "chassisNumber": "-",
        "vehicleCategory": "-",
        "numberOfPassengers": "-",
        "gearbox": "-",
        "fuelType": "-",
        "vatType": "-",
        "totalWeight": "-",
        "insuranceType": "-",
        "warrantyProduct": "-"
      }
    },
    {
      "id": "4",
      "regNumber": "AB677B",
      "name": "Esther Howard",
      "telephone": "(502) 555-0109",
      "business": "Howard Auto",
      "date": "July 8, 2023",
      "status": "Sold Out",
      "contractInfo": {
        "customerName": "Esther Howard",
        "customerNumber": "CUS004",
        "email": "esther.howard@example.com",
        "telephone": "04156006576",
        "address": "2118 Thornridge Cir. Syracuse, Connecticut 35624",
        "lastPurchase": "June 1, 2023",
        "customerType": "Business",
        "agreementNumber": "AGR004",
        "status": "Active",
        "warranty": "Extended",
        "numberOfOrders": "7",
        "warrantyPeriod": "24 months"
      },
      "vehicleInfo": {
        "registrationNumber": "AB677B",
        "contractId": "CTR004",
        "model": "BMW X5 2023",
        "contractValue": "$65,000",
        "agreement": "Purchase Agreement",
        "status": "Active",
        "taxType": "VAT",
        "warranty": "Factory Warranty",
        "mileage": "500 km",
        "numberOfKeys": "3",
        "price": "$62,000",
        "tires": "Winter",
        "brand": "-",
        "year": "-",
        "color": "-",
        "chassisNumber": "-",
        "vehicleCategory": "-",
        "numberOfPassengers": "-",
        "gearbox": "-",
        "fuelType": "-",
        "vatType": "-",
        "totalWeight": "-",
        "insuranceType": "-",
        "warrantyProduct": "-"
      }
    },
    {
      "id": "5",
      "regNumber": "AB687B",
      "name": "Cameron Williamson",
      "telephone": "(504) 555-0110",
      "business": "Williamson Cars",
      "date": "September 12, 2023",
      "status": "Available",
      "contractInfo": {
        "customerName": "Cameron Williamson",
        "customerNumber": "CUS005",
        "email": "cameron.williamson@example.com",
        "telephone": "04156006577",
        "address": "4517 Washington Ave. Manchester, Kentucky 39495",
        "lastPurchase": "August 28, 2023",
        "customerType": "Business",
        "agreementNumber": "AGR005",
        "status": "Active",
        "warranty": "Premium",
        "numberOfOrders": "12",
        "warrantyPeriod": "48 months"
      },
      "vehicleInfo": {
        "registrationNumber": "AB687B",
        "contractId": "CTR005",
        "model": "Mercedes-Benz C-Class 2023",
        "contractValue": "$52,000",
        "agreement": "Purchase Agreement",
        "status": "Active",
        "taxType": "VAT",
        "warranty": "Premium Warranty",
        "mileage": "2,500 km",
        "numberOfKeys": "2",
        "price": "$49,000",
        "tires": "All Season",
        "brand": "-",
        "year": "-",
        "color": "-",
        "chassisNumber": "-",
        "vehicleCategory": "-",
        "numberOfPassengers": "-",
        "gearbox": "-",
        "fuelType": "-",
        "vatType": "-",
        "totalWeight": "-",
        "insuranceType": "-",
        "warrantyProduct": "-"
      }
    },
    {
      "id": "6",
      "regNumber": "AB697B",
      "name": "Leslie Alexander",
      "telephone": "(505) 555-0111",
      "business": "Alexander Motors",
      "date": "October 5, 2023",
      "status": "Sold Out",
      "contractInfo": {
        "customerName": "Leslie Alexander",
        "customerNumber": "CUS006",
        "email": "leslie.alexander@example.com",
        "telephone": "04156006578",
        "address": "4140 Parker Rd. Allentown, New Mexico 31134",
        "lastPurchase": "September 20, 2023",
        "customerType": "Individual",
        "agreementNumber": "AGR006",
        "status": "Active",
        "warranty": "Basic",
        "numberOfOrders": "2",
        "warrantyPeriod": "12 months"
      },
      "vehicleInfo": {
        "registrationNumber": "AB697B",
        "contractId": "CTR006",
        "model": "Audi A4 2023",
        "contractValue": "$48,000",
        "agreement": "Sales Agreement",
        "status": "Active",
        "taxType": "VAT",
        "warranty": "Factory Warranty",
        "mileage": "8,000 km",
        "numberOfKeys": "2",
        "price": "$45,000",
        "tires": "Summer",
        "brand": "-",
        "year": "-",
        "color": "-",
        "chassisNumber": "-",
        "vehicleCategory": "-",
        "numberOfPassengers": "-",
        "gearbox": "-",
        "fuelType": "-",
        "vatType": "-",
        "totalWeight": "-",
        "insuranceType": "-",
        "warrantyProduct": "-"
      }
    },
    {
      "id": "7",
      "regNumber": "AB707B",
      "name": "Guy Hawkins",
      "telephone": "(506) 555-0112",
      "business": "Hawkins Dealership",
      "date": "November 18, 2023",
      "status": "Available",
      "contractInfo": {
        "customerName": "Guy Hawkins",
        "customerNumber": "CUS007",
        "email": "guy.hawkins@example.com",
        "telephone": "04156006579",
        "address": "1901 Thornridge Cir. Shiloh, Hawaii 81063",
        "lastPurchase": "October 30, 2023",
        "customerType": "Business",
        "agreementNumber": "AGR007",
        "status": "Active",
        "warranty": "Extended",
        "numberOfOrders": "8",
        "warrantyPeriod": "24 months"
      },
      "vehicleInfo": {
        "registrationNumber": "AB707B",
        "contractId": "CTR007",
        "model": "Lexus RX 2023",
        "contractValue": "$58,000",
        "agreement": "Lease Agreement",
        "status": "Active",
        "taxType": "VAT",
        "warranty": "Extended Warranty",
        "mileage": "3,200 km",
        "numberOfKeys": "3",
        "price": "$55,000",
        "tires": "All Season",
        "brand": "-",
        "year": "-",
        "color": "-",
        "chassisNumber": "-",
        "vehicleCategory": "-",
        "numberOfPassengers": "-",
        "gearbox": "-",
        "fuelType": "-",
        "vatType": "-",
        "totalWeight": "-",
        "insuranceType": "-",
        "warrantyProduct": "-"
      }
    },
    {
      "id": "8",
      "regNumber": "AB717B",
      "name": "Darlene Robertson",
      "telephone": "(507) 555-0113",
      "business": "Robertson Auto",
      "date": "December 3, 2023",
      "status": "Sold Out",
      "contractInfo": {
        "customerName": "Darlene Robertson",
        "customerNumber": "CUS008",
        "email": "darlene.robertson@example.com",
        "telephone": "04156006580",
        "address": "3891 Ranchview Dr. Richardson, California 62639",
        "lastPurchase": "November 15, 2023",
        "customerType": "Individual",
        "agreementNumber": "AGR008",
        "status": "Active",
        "warranty": "Premium",
        "numberOfOrders": "4",
        "warrantyPeriod": "36 months"
      },
      "vehicleInfo": {
        "registrationNumber": "AB717B",
        "contractId": "CTR008",
        "model": "Volvo XC60 2023",
        "contractValue": "$55,000",
        "agreement": "Purchase Agreement",
        "status": "Active",
        "taxType": "VAT",
        "warranty": "Premium Warranty",
        "mileage": "1,800 km",
        "numberOfKeys": "2",
        "price": "$52,000",
        "tires": "Winter",
        "brand": "-",
        "year": "-",
        "color": "-",
        "chassisNumber": "-",
        "vehicleCategory": "-",
        "numberOfPassengers": "-",
        "gearbox": "-",
        "fuelType": "-",
        "vatType": "-",
        "totalWeight": "-",
        "insuranceType": "-",
        "warrantyProduct": "-"
      }
    },
    {
      "id": "9",
      "regNumber": "AB727B",
      "name": "Bessie Cooper",
      "telephone": "(508) 555-0114",
      "business": "Cooper Motors",
      "date": "January 15, 2024",
      "status": "Available",
      "contractInfo": {
        "customerName": "Bessie Cooper",
        "customerNumber": "CUS009",
        "email": "bessie.cooper@example.com",
        "telephone": "04156006581",
        "address": "8502 Preston Rd. Inglewood, Maine 98380",
        "lastPurchase": "December 28, 2023",
        "customerType": "Business",
        "agreementNumber": "AGR009",
        "status": "Active",
        "warranty": "Extended",
        "numberOfOrders": "15",
        "warrantyPeriod": "48 months"
      },
      "vehicleInfo": {
        "registrationNumber": "AB727B",
        "contractId": "CTR009",
        "model": "Porsche 911 2023",
        "contractValue": "$120,000",
        "agreement": "Purchase Agreement",
        "status": "Active",
        "taxType": "VAT",
        "warranty": "Premium Warranty",
        "mileage": "500 km",
        "numberOfKeys": "3",
        "price": "$115,000",
        "tires": "Performance",
        "brand": "-",
        "year": "-",
        "color": "-",
        "chassisNumber": "-",
        "vehicleCategory": "-",
        "numberOfPassengers": "-",
        "gearbox": "-",
        "fuelType": "-",
        "vatType": "-",
        "totalWeight": "-",
        "insuranceType": "-",
        "warrantyProduct": "-"
      }
    },
    {
      "id": "10",
      "regNumber": "AB737B",
      "name": "Annette Black",
      "telephone": "(509) 555-0115",
      "business": "Black Automotive",
      "date": "February 8, 2024",
      "status": "Sold Out",
      "contractInfo": {
        "customerName": "Annette Black",
        "customerNumber": "CUS010",
        "email": "annette.black@example.com",
        "telephone": "04156006582",
        "address": "3517 W. Gray St. Utica, Pennsylvania 57867",
        "lastPurchase": "January 25, 2024",
        "customerType": "Individual",
        "agreementNumber": "AGR010",
        "status": "Active",
        "warranty": "Basic",
        "numberOfOrders": "1",
        "warrantyPeriod": "12 months"
      },
      "vehicleInfo": {
        "registrationNumber": "AB737B",
        "contractId": "CTR010",
        "model": "Hyundai Tucson 2024",
        "contractValue": "$32,000",
        "agreement": "Sales Agreement",
        "status": "Active",
        "taxType": "VAT",
        "warranty": "Factory Warranty",
        "mileage": "12,000 km",
        "numberOfKeys": "2",
        "price": "$29,000",
        "tires": "All Season",
        "brand": "-",
        "year": "-",
        "color": "-",
        "chassisNumber": "-",
        "vehicleCategory": "-",
        "numberOfPassengers": "-",
        "gearbox": "-",
        "fuelType": "-",
        "vatType": "-",
        "totalWeight": "-",
        "insuranceType": "-",
        "warrantyProduct": "-"
      }
    }
  ],
  "metadata": {
    "totalPurchasingAgreement": 2,
    "totalSalesAgreement": 15,
    "totalBrokerageAgreement": 1
  }
}
